{
    "sass.enabled": true,
    "sass.compiler": "libsass",
    "path": {
        "scss/Index.scss": {
            "sass.enabled": false, 
            "sass.options": {      
                "includePaths": [
                    "C:/Users/Student/Documents/Smith, Eric/portfolio/bower_components/bourbon/dist/"
                ],
                "outputDir": "C:/Users/Student/Documents/Smith, Eric/portfolio/css/",
                "imagePath": null,
                "sourceComments": "map",
                "outputStyle": "nested"
            },
            "linting.collapsed": false
        }
    }
}
